{
  "Update Customer" : {
    "transaction" : "Update Customer",
    "sampleCount" : 18294,
    "errorCount" : 0,
    "errorPct" : 0.0,
    "meanResTime" : 0.7720017492073911,
    "medianResTime" : 1.0,
    "minResTime" : 0.0,
    "maxResTime" : 17.0,
    "pct1ResTime" : 1.0,
    "pct2ResTime" : 1.0,
    "pct3ResTime" : 2.0,
    "throughput" : 61.01396444020505,
    "receivedKBytesPerSec" : 24.098561350193272,
    "sentKBytesPerSec" : 40.03412159852317
  },
  "logout" : {
    "transaction" : "logout",
    "sampleCount" : 73175,
    "errorCount" : 0,
    "errorPct" : 0.0,
    "meanResTime" : 0.4220703792278782,
    "medianResTime" : 0.0,
    "minResTime" : 0.0,
    "maxResTime" : 23.0,
    "pct1ResTime" : 1.0,
    "pct2ResTime" : 1.0,
    "pct3ResTime" : 1.0,
    "throughput" : 244.02159595292642,
    "receivedKBytesPerSec" : 37.890072027846976,
    "sentKBytesPerSec" : 52.53393399265851
  },
  "QueryFlight" : {
    "transaction" : "QueryFlight",
    "sampleCount" : 365884,
    "errorCount" : 0,
    "errorPct" : 0.0,
    "meanResTime" : 0.47245301789638794,
    "medianResTime" : 0.0,
    "minResTime" : 0.0,
    "maxResTime" : 22.0,
    "pct1ResTime" : 1.0,
    "pct2ResTime" : 1.0,
    "pct3ResTime" : 1.0,
    "throughput" : 1220.0240747718399,
    "receivedKBytesPerSec" : 1084.525458857607,
    "sentKBytesPerSec" : 500.40049941813743
  },
  "Total" : {
    "transaction" : "Total",
    "sampleCount" : 819380,
    "errorCount" : 0,
    "errorPct" : 0.0,
    "meanResTime" : 0.5797420000488199,
    "medianResTime" : 1.0,
    "minResTime" : 0.0,
    "maxResTime" : 34.0,
    "pct1ResTime" : 1.0,
    "pct2ResTime" : 1.0,
    "pct3ResTime" : 1.0,
    "throughput" : 2731.840353140826,
    "receivedKBytesPerSec" : 1747.8581830309365,
    "sentKBytesPerSec" : 973.5462578651933
  },
  "BookFlight" : {
    "transaction" : "BookFlight",
    "sampleCount" : 65805,
    "errorCount" : 0,
    "errorPct" : 0.0,
    "meanResTime" : 0.8603905478307167,
    "medianResTime" : 1.0,
    "minResTime" : 0.0,
    "maxResTime" : 31.0,
    "pct1ResTime" : 1.0,
    "pct2ResTime" : 1.0,
    "pct3ResTime" : 2.0,
    "throughput" : 219.43997038785903,
    "receivedKBytesPerSec" : 54.431398904800965,
    "sentKBytesPerSec" : 100.83845314078772
  },
  "List Bookings" : {
    "transaction" : "List Bookings",
    "sampleCount" : 73176,
    "errorCount" : 0,
    "errorPct" : 0.0,
    "meanResTime" : 0.835806821908819,
    "medianResTime" : 1.0,
    "minResTime" : 0.0,
    "maxResTime" : 31.0,
    "pct1ResTime" : 1.0,
    "pct2ResTime" : 1.0,
    "pct3ResTime" : 2.0,
    "throughput" : 244.02330319835397,
    "receivedKBytesPerSec" : 408.20657046899856,
    "sentKBytesPerSec" : 51.34278328867554
  },
  "Cancel Booking" : {
    "transaction" : "Cancel Booking",
    "sampleCount" : 131575,
    "errorCount" : 0,
    "errorPct" : 0.0,
    "meanResTime" : 0.6412160364810988,
    "medianResTime" : 1.0,
    "minResTime" : 0.0,
    "maxResTime" : 30.0,
    "pct1ResTime" : 1.0,
    "pct2ResTime" : 1.0,
    "pct3ResTime" : 1.0,
    "throughput" : 438.86859792198265,
    "receivedKBytesPerSec" : 61.28728139436467,
    "sentKBytesPerSec" : 154.0548035910842
  },
  "Login" : {
    "transaction" : "Login",
    "sampleCount" : 73177,
    "errorCount" : 0,
    "errorPct" : 0.0,
    "meanResTime" : 0.6074859587028618,
    "medianResTime" : 1.0,
    "minResTime" : 0.0,
    "maxResTime" : 34.0,
    "pct1ResTime" : 1.0,
    "pct2ResTime" : 1.0,
    "pct3ResTime" : 1.0,
    "throughput" : 243.97619484221582,
    "receivedKBytesPerSec" : 53.60805062451031,
    "sentKBytesPerSec" : 61.81622229087135
  },
  "View Profile Information" : {
    "transaction" : "View Profile Information",
    "sampleCount" : 18294,
    "errorCount" : 0,
    "errorPct" : 0.0,
    "meanResTime" : 0.5770744506395536,
    "medianResTime" : 1.0,
    "minResTime" : 0.0,
    "maxResTime" : 23.0,
    "pct1ResTime" : 1.0,
    "pct2ResTime" : 1.0,
    "pct3ResTime" : 1.0,
    "throughput" : 61.01396444020505,
    "receivedKBytesPerSec" : 24.098561350193272,
    "sentKBytesPerSec" : 12.718026967303464
  }
}